{
  "_format": "hh-sol-cache-2",
  "files": {
    "/home/ali/uni/blockchain/hardhat/contracts/basic.sol": {
      "lastModificationDate": 1669073106490,
      "contentHash": "1b4dd049ad6c0583a02ff52fe4001aef",
      "sourceName": "contracts/basic.sol",
      "solcConfig": {
        "version": "0.8.17",
        "settings": {
          "optimizer": {
            "enabled": false,
            "runs": 200
          },
          "outputSelection": {
            "*": {
              "*": [
                "abi",
                "evm.bytecode",
                "evm.deployedBytecode",
                "evm.methodIdentifiers",
                "metadata"
              ],
              "": [
                "ast"
              ]
            }
          }
        }
      },
      "imports": [],
      "versionPragmas": [
        "^0.8.9"
      ],
      "artifacts": [
        "HelloWorld"
      ]
    },
    "/home/ali/uni/blockchain/hardhat/contracts/twitterFactory.sol": {
      "lastModificationDate": 1669082936725,
      "contentHash": "5e0f1e1e9e7fc6128400fb8e16a7ad3d",
      "sourceName": "contracts/twitterFactory.sol",
      "solcConfig": {
        "version": "0.8.17",
        "settings": {
          "optimizer": {
            "enabled": false,
            "runs": 200
          },
          "outputSelection": {
            "*": {
              "*": [
                "abi",
                "evm.bytecode",
                "evm.deployedBytecode",
                "evm.methodIdentifiers",
                "metadata"
              ],
              "": [
                "ast"
              ]
            }
          }
        }
      },
      "imports": [],
      "versionPragmas": [
        "^0.8.9"
      ],
      "artifacts": [
        "TwitterContract"
      ]
    }
  }
}
